{
  "project_info": {
    "project_number": "18949233934",
    "project_id": "androidfirebasetest-65e36",
    "storage_bucket": "androidfirebasetest-65e36.appspot.com"
  },
  "client": [
    {
      "client_info": {
        "mobilesdk_app_id": "1:18949233934:android:162396b62e65bf30db4b5f",
        "android_client_info": {
          "package_name": "lk.rush.firebase10"
        }
      },
      "oauth_client": [],
      "api_key": [
        {
          "current_key": "AIzaSyDHWtNibYq6cjUXqyrtRBIH9krfcZ11ZZk"
        }
      ],
      "services": {
        "appinvite_service": {
          "other_platform_oauth_client": []
        }
      }
    }
  ],
  "configuration_version": "1"
}